{
  "timestamp": "2026-02-28T04:22:03.871Z",
  "uptime": 31.066,
  "opportunitiesFound": 14,
  "tradesExecuted": 12,
  "totalProfit": 0.059409702258603134,
  "profitPerMinute": 0.11474223059023332
}